series,method,home,count,refr,rep,has_pressure,f1,timing_err_min,recall,delay_oracle,delay_obs,cost_min
pir_only,local,pir_only_0,1,5,0,True,0.0868206673362348,0.85,0.3958333333333333,6.853333333333333,120.0,113.14666666666666
pir_only,local,pir_only_1,1,5,0,True,0.05555928336576528,0.13333333333333333,0.6041666666666666,5.566666666666666,6.433333333333334,0.8666666666666667
pir_only,local,pir_only_2,1,5,0,True,0.05920840931030784,1.1166666666666667,0.375,6.446666666666665,120.0,113.55333333333334
pir_only,local,pir_only_3,1,5,0,True,0.0909945920526687,1.2416666666666667,0.2916666666666667,7.459999999999998,120.0,112.54
pir_only,local,pir_only_4,1,5,30,True,0.14666321779617175,1.2416666666666667,0.125,7.79,120.0,112.21
pir_only,local,pir_only_5,1,5,30,True,0.05821735897163497,1.4,0.3541666666666667,4.449999999999998,120.0,115.55
pir_only,local,pir_only_6,1,5,30,True,0.08584826259468559,0.9666666666666667,0.22916666666666666,8.839999999999998,120.0,111.16
pir_only,local,pir_only_7,1,5,30,True,0.0600549799111863,1.7833333333333334,0.5416666666666666,4.503333333333332,6.494999999999999,1.9916666666666667
pir_only,local,pir_only_8,1,5,60,True,0.08008681497558329,1.4333333333333333,0.4375,5.65,120.0,114.35
pir_only,local,pir_only_9,1,5,60,True,0.060925913554679675,0.8666666666666667,0.5625,5.169999999999998,6.828333333333331,1.6583333333333332
pir_only,local,pir_only_10,1,5,60,True,0.07008268944015182,0.49166666666666664,0.625,5.3133333333333335,6.321666666666667,1.0083333333333333
pir_only,local,pir_only_11,1,5,60,True,0.10736090312176017,1.3666666666666667,0.2708333333333333,9.136666666666667,120.0,110.86333333333333
pir_only,local,pir_only_12,1,30,30,True,0.13175675675675674,1.35,0.14583333333333334,12.399999999999999,120.0,107.6
pir_only,local,pir_only_13,1,30,30,True,0.05464720728629431,0.95,0.375,7.293333333333333,120.0,112.70666666666666
pir_only,local,pir_only_14,1,30,30,True,0.17268862911795962,0.5,0.14583333333333334,12.989999999999995,120.0,107.01
pir_only,local,pir_only_15,1,30,30,True,0.18702910326488403,1.125,0.25,6.253333333333332,120.0,113.74666666666667
pir_only,local,pir_only_16,2,5,0,True,0.06857926620185163,0.6333333333333333,0.22916666666666666,5.803333333333333,120.0,114.19666666666667
pir_only,local,pir_only_17,2,5,0,True,0.06029814827194332,0.13333333333333333,0.7291666666666666,6.119999999999999,6.536666666666666,0.41666666666666663
pir_only,local,pir_only_18,2,5,0,True,0.13708124759337698,0.9166666666666666,0.14583333333333334,8.256666666666664,120.0,111.74333333333334
pir_only,local,pir_only_19,2,5,0,True,0.11318423328802668,0.9333333333333333,0.2708333333333333,6.966666666666662,120.0,113.03333333333333
pir_only,local,pir_only_20,2,5,60,True,0.0920562432399952,0.8666666666666667,0.3333333333333333,7.046666666666665,120.0,112.95333333333333
pir_only,local,pir_only_21,2,5,60,True,0.07532526820360648,1.725,0.3333333333333333,7.593333333333333,120.0,112.40666666666667
pir_only,local,pir_only_22,2,5,60,True,0.16255330146013694,1.5,0.22916666666666666,11.416666666666666,120.0,108.58333333333333
pir_only,local,pir_only_23,2,5,60,True,0.07388335385648719,1.6,0.4583333333333333,6.683333333333333,120.0,113.31666666666666
pir_only,centralized,pir_only_0,1,5,0,True,0.08846383741781233,0.9,0.3541666666666667,6.853333333333333,120.0,113.14666666666666
pir_only,centralized,pir_only_1,1,5,0,True,0.04008908685968819,1.3,0.25,5.566666666666666,120.0,114.43333333333334
pir_only,centralized,pir_only_2,1,5,0,True,0.05972359328726555,1.0833333333333333,0.2708333333333333,6.446666666666665,120.0,113.55333333333334
pir_only,centralized,pir_only_3,1,5,0,True,0.09096013475575519,0.65,0.2708333333333333,7.459999999999998,120.0,112.54
pir_only,centralized,pir_only_4,1,5,30,True,0.14259730811204074,0.6916666666666667,0.20833333333333334,7.79,120.0,112.21
pir_only,centralized,pir_only_5,1,5,30,True,0.05864875339103475,1.6916666666666667,0.25,4.449999999999998,120.0,115.55
pir_only,centralized,pir_only_6,1,5,30,True,0.08584826259468559,0.9666666666666667,0.22916666666666666,8.839999999999998,120.0,111.16
pir_only,centralized,pir_only_7,1,5,30,True,0.06253489670575098,1.225,0.3333333333333333,4.503333333333332,120.0,115.49666666666667
pir_only,centralized,pir_only_8,1,5,60,True,0.08220538929591456,1.075,0.4166666666666667,5.65,120.0,114.35
pir_only,centralized,pir_only_9,1,5,60,True,0.05469251508537682,1.3333333333333333,0.375,5.169999999999998,120.0,114.83
pir_only,centralized,pir_only_10,1,5,60,True,0.061226978899865836,1.0666666666666667,0.3125,5.3133333333333335,120.0,114.68666666666667
pir_only,centralized,pir_only_11,1,5,60,True,0.10736090312176017,1.3666666666666667,0.2708333333333333,9.136666666666667,120.0,110.86333333333333
pir_only,centralized,pir_only_12,1,30,30,True,0.1256205980833622,1.1333333333333333,0.3125,12.399999999999999,120.0,107.6
pir_only,centralized,pir_only_13,1,30,30,True,0.05577155114626626,1.2833333333333334,0.16666666666666666,7.293333333333333,120.0,112.70666666666666
pir_only,centralized,pir_only_14,1,30,30,True,0.1600270087778528,0.7666666666666667,0.2708333333333333,12.989999999999995,120.0,107.01
pir_only,centralized,pir_only_15,1,30,30,True,0.1643126177024482,1.325,0.2916666666666667,6.253333333333332,120.0,113.74666666666667
pir_only,centralized,pir_only_16,2,5,0,True,0.06881243063263041,0.48333333333333334,0.20833333333333334,5.803333333333333,120.0,114.19666666666667
pir_only,centralized,pir_only_17,2,5,0,True,0.05839598997493735,0.6666666666666666,0.375,6.119999999999999,120.0,113.88
pir_only,centralized,pir_only_18,2,5,0,True,0.13277330533193327,1.25,0.14583333333333334,8.256666666666664,120.0,111.74333333333334
pir_only,centralized,pir_only_19,2,5,0,True,0.11204548146393462,0.7666666666666667,0.2708333333333333,6.966666666666662,120.0,113.03333333333333
pir_only,centralized,pir_only_20,2,5,60,True,0.0920562432399952,0.8666666666666667,0.3333333333333333,7.046666666666665,120.0,112.95333333333333
pir_only,centralized,pir_only_21,2,5,60,True,0.07685738684884715,1.3833333333333333,0.2916666666666667,7.593333333333333,120.0,112.40666666666667
pir_only,centralized,pir_only_22,2,5,60,True,0.15625720212030422,1.3166666666666667,0.3541666666666667,11.416666666666666,120.0,108.58333333333333
pir_only,centralized,pir_only_23,2,5,60,True,0.07338037203335472,1.575,0.375,6.683333333333333,120.0,113.31666666666666
pir_only,fedavg,pir_only_0,1,5,0,True,0.08957549006880436,0.7666666666666667,0.22916666666666666,6.853333333333333,120.0,113.14666666666666
pir_only,fedavg,pir_only_1,1,5,0,True,0.03987689013782951,1.3166666666666667,0.2916666666666667,5.566666666666666,120.0,114.43333333333334
pir_only,fedavg,pir_only_2,1,5,0,True,0.05972947636266238,0.9166666666666666,0.22916666666666666,6.446666666666665,120.0,113.55333333333334
pir_only,fedavg,pir_only_3,1,5,0,True,0.0913595166163142,1.0833333333333333,0.2708333333333333,7.459999999999998,120.0,112.54
pir_only,fedavg,pir_only_4,1,5,30,True,0.14666321779617175,1.2416666666666667,0.125,7.79,120.0,112.21
pir_only,fedavg,pir_only_5,1,5,30,True,0.05901094334395346,1.7333333333333334,0.1875,4.449999999999998,120.0,115.55
pir_only,fedavg,pir_only_6,1,5,30,True,0.08775981524249422,1.45,0.14583333333333334,8.839999999999998,120.0,111.16
pir_only,fedavg,pir_only_7,1,5,30,True,0.06318639987964496,1.35,0.1875,4.503333333333332,120.0,115.49666666666667
pir_only,fedavg,pir_only_8,1,5,60,True,0.08351177730192719,1.5166666666666666,0.125,5.65,120.0,114.35
pir_only,fedavg,pir_only_9,1,5,60,True,0.05484004985459077,1.8666666666666667,0.0625,5.169999999999998,120.0,114.83
pir_only,fedavg,pir_only_10,1,5,60,True,0.05988967691095352,1.55,0.08333333333333333,5.3133333333333335,120.0,114.68666666666667
pir_only,fedavg,pir_only_11,1,5,60,True,0.10757706005157805,1.4833333333333334,0.08333333333333333,9.136666666666667,120.0,110.86333333333333
pir_only,fedavg,pir_only_12,1,30,30,True,0.12913540769893,1.5166666666666666,0.14583333333333334,12.399999999999999,120.0,107.6
pir_only,fedavg,pir_only_13,1,30,30,True,0.05608283002588438,1.1333333333333333,0.10416666666666667,7.293333333333333,120.0,112.70666666666666
pir_only,fedavg,pir_only_14,1,30,30,True,0.16487455197132617,0.8083333333333333,0.125,12.989999999999995,120.0,107.01
pir_only,fedavg,pir_only_15,1,30,30,True,0.1695211901487686,1.3416666666666666,0.25,6.253333333333332,120.0,113.74666666666667
pir_only,fedavg,pir_only_16,2,5,0,True,0.07032908704883227,0.3333333333333333,0.14583333333333334,5.803333333333333,120.0,114.19666666666667
pir_only,fedavg,pir_only_17,2,5,0,True,0.0575951958509622,1.35,0.2708333333333333,6.119999999999999,120.0,113.88
pir_only,fedavg,pir_only_18,2,5,0,True,0.13737373737373734,1.0833333333333333,0.14583333333333334,8.256666666666664,120.0,111.74333333333334
pir_only,fedavg,pir_only_19,2,5,0,True,0.11471833696907482,0.9333333333333333,0.2708333333333333,6.966666666666662,120.0,113.03333333333333
pir_only,fedavg,pir_only_20,2,5,60,True,0.09437854564208356,1.8,0.0625,7.046666666666665,120.0,112.95333333333333
pir_only,fedavg,pir_only_21,2,5,60,True,0.07861635220125786,1.5666666666666667,0.14583333333333334,7.593333333333333,120.0,112.40666666666667
pir_only,fedavg,pir_only_22,2,5,60,True,0.15978301072617435,1.6666666666666667,0.20833333333333334,11.416666666666666,120.0,108.58333333333333
pir_only,fedavg,pir_only_23,2,5,60,True,0.07306947135344588,1.5,0.125,6.683333333333333,120.0,113.31666666666666
pir_only,modality_group,pir_only_0,1,5,0,True,0.08438735177865611,0.7166666666666667,0.4375,6.853333333333333,120.0,113.14666666666666
pir_only,modality_group,pir_only_1,1,5,0,True,0.05143388884189155,,0.0,5.566666666666666,120.0,114.43333333333334
pir_only,modality_group,pir_only_2,1,5,0,True,0.06241616739694179,0.25,0.9791666666666666,6.446666666666665,6.696666666666665,0.25
pir_only,modality_group,pir_only_3,1,5,0,True,0.09167998033673345,1.0833333333333333,0.22916666666666666,7.459999999999998,120.0,112.54
pir_only,modality_group,pir_only_4,1,5,30,True,0.20748522652659226,1.4833333333333334,0.10416666666666667,7.79,120.0,112.21
pir_only,modality_group,pir_only_5,1,5,30,True,0.05970324321154184,0.6583333333333333,1.0,4.449999999999998,5.108333333333332,0.6583333333333333
pir_only,modality_group,pir_only_6,1,5,30,True,0.08925664677156808,1.2833333333333334,0.14583333333333334,8.839999999999998,120.0,111.16
pir_only,modality_group,pir_only_7,1,5,30,True,0.05840964931874023,0.4666666666666667,1.0,4.503333333333332,4.969999999999999,0.4666666666666667
pir_only,modality_group,pir_only_8,1,5,60,True,0.07657160863400031,1.1,0.9166666666666666,5.65,6.8500000000000005,1.2
pir_only,modality_group,pir_only_9,1,5,60,True,0.06013137948458817,,0.0,5.169999999999998,120.0,114.83
pir_only,modality_group,pir_only_10,1,5,60,True,0.07012693226090236,,0.0,5.3133333333333335,120.0,114.68666666666667
pir_only,modality_group,pir_only_11,1,5,60,True,0.10815195349466,1.4333333333333333,0.10416666666666667,9.136666666666667,120.0,110.86333333333333
pir_only,modality_group,pir_only_12,1,30,30,True,0.1886904761904762,1.4916666666666667,0.08333333333333333,12.399999999999999,120.0,107.6
pir_only,modality_group,pir_only_13,1,30,30,True,0.05263157894736842,0.8666666666666667,0.9166666666666666,7.293333333333333,8.193333333333333,0.9
pir_only,modality_group,pir_only_14,1,30,30,True,0.27962716378162444,0.4,0.020833333333333332,12.989999999999995,120.0,107.01
pir_only,modality_group,pir_only_15,1,30,30,True,0.397223705285638,1.4833333333333334,0.020833333333333332,6.253333333333332,120.0,113.74666666666667
pir_only,modality_group,pir_only_16,2,5,0,True,0.06444550865430664,1.2,0.875,5.803333333333333,7.028333333333332,1.225
pir_only,modality_group,pir_only_17,2,5,0,True,0.06168216434552109,,0.0,6.119999999999999,120.0,113.88
pir_only,modality_group,pir_only_18,2,5,0,True,0.18565135305223412,1.25,0.0625,8.256666666666664,120.0,111.74333333333334
pir_only,modality_group,pir_only_19,2,5,0,True,0.13055859802847755,1.1,0.20833333333333334,6.966666666666662,120.0,113.03333333333333
pir_only,modality_group,pir_only_20,2,5,60,True,0.10413423283169003,1.4,0.2708333333333333,7.046666666666665,120.0,112.95333333333333
pir_only,modality_group,pir_only_21,2,5,60,True,0.07076755579749591,1.3833333333333333,0.4375,7.593333333333333,120.0,112.40666666666667
pir_only,modality_group,pir_only_22,2,5,60,True,0.20832049306625577,1.2833333333333334,0.0625,11.416666666666666,120.0,108.58333333333333
pir_only,modality_group,pir_only_23,2,5,60,True,0.07427266408499653,1.4666666666666666,0.5208333333333334,6.683333333333333,8.549999999999999,1.8666666666666667
pir_pressure,local,pir_pressure_0,1,5,0,True,0.5184344866704482,0.1,0.9583333333333334,6.853333333333333,6.953333333333332,0.1
pir_pressure,local,pir_pressure_1,1,5,0,True,1.0,0.06666666666666667,0.9791666666666666,5.566666666666666,5.633333333333333,0.06666666666666667
pir_pressure,local,pir_pressure_2,1,5,0,True,1.0,0.1,0.9791666666666666,6.446666666666665,6.546666666666665,0.1
pir_pressure,local,pir_pressure_3,1,5,0,True,0.4122562674094707,0.31666666666666665,0.9166666666666666,7.459999999999998,7.776666666666665,0.31666666666666665
pir_pressure,local,pir_pressure_4,1,5,30,True,0.3044422507403752,1.4333333333333333,0.7083333333333334,7.79,9.315,1.525
pir_pressure,local,pir_pressure_5,1,5,30,True,0.999298245614035,0.06666666666666667,0.9583333333333334,4.449999999999998,4.516666666666665,0.06666666666666667
pir_pressure,local,pir_pressure_6,1,5,30,True,0.3657086223984143,0.16666666666666666,0.8958333333333334,8.839999999999998,9.039999999999997,0.2
pir_pressure,local,pir_pressure_7,1,5,30,True,1.0,0.08333333333333333,0.9375,4.503333333333332,4.586666666666665,0.08333333333333333
pir_pressure,local,pir_pressure_8,1,5,60,True,0.5788061703554661,0.08333333333333333,0.9791666666666666,5.65,5.733333333333333,0.08333333333333333
pir_pressure,local,pir_pressure_9,1,5,60,False,0.060925913554679675,0.8666666666666667,0.5625,5.169999999999998,6.828333333333331,1.6583333333333332
pir_pressure,local,pir_pressure_10,1,5,60,True,1.0,0.08333333333333333,1.0,5.3133333333333335,5.3966666666666665,0.08333333333333333
pir_pressure,local,pir_pressure_11,1,5,60,True,0.40242057488653554,0.11666666666666667,0.9791666666666666,9.136666666666667,9.253333333333334,0.11666666666666667
pir_pressure,local,pir_pressure_12,1,30,30,False,0.13175675675675674,1.35,0.14583333333333334,12.399999999999999,120.0,107.6
pir_pressure,local,pir_pressure_13,1,30,30,True,0.8403908794788273,0.08333333333333333,1.0,7.293333333333333,7.376666666666666,0.08333333333333333
pir_pressure,local,pir_pressure_14,1,30,30,False,0.17268862911795962,0.5,0.14583333333333334,12.989999999999995,120.0,107.01
pir_pressure,local,pir_pressure_15,1,30,30,False,0.18702910326488403,1.125,0.25,6.253333333333332,120.0,113.74666666666667
pir_pressure,local,pir_pressure_16,2,5,0,True,0.6559092891408634,0.08333333333333333,0.875,5.803333333333333,5.911666666666666,0.10833333333333334
pir_pressure,local,pir_pressure_17,2,5,0,True,1.0,0.08333333333333333,0.9791666666666666,6.119999999999999,6.203333333333332,0.08333333333333333
pir_pressure,local,pir_pressure_18,2,5,0,False,0.13708124759337698,0.9166666666666666,0.14583333333333334,8.256666666666664,120.0,111.74333333333334
pir_pressure,local,pir_pressure_19,2,5,0,True,0.31130434782608696,1.1833333333333333,0.7291666666666666,6.966666666666662,8.183333333333328,1.2166666666666666
pir_pressure,local,pir_pressure_20,2,5,60,True,0.3170789163722026,0.4,0.8958333333333334,7.046666666666665,7.446666666666665,0.4
pir_pressure,local,pir_pressure_21,2,5,60,False,0.07532526820360648,1.725,0.3333333333333333,7.593333333333333,120.0,112.40666666666667
pir_pressure,local,pir_pressure_22,2,5,60,True,0.31406761177753545,1.3166666666666667,0.75,11.416666666666666,12.799999999999999,1.3833333333333333
pir_pressure,local,pir_pressure_23,2,5,60,True,0.475,0.08333333333333333,1.0,6.683333333333333,6.766666666666666,0.08333333333333333
pir_pressure,centralized,pir_pressure_0,1,5,0,True,0.26123046875000006,1.6166666666666667,0.7083333333333334,6.853333333333333,8.503333333333332,1.65
pir_pressure,centralized,pir_pressure_1,1,5,0,True,0.14239320509617787,1.6333333333333333,0.5208333333333334,5.566666666666666,7.283333333333333,1.7166666666666666
pir_pressure,centralized,pir_pressure_2,1,5,0,True,0.19370819915779044,1.6,0.625,6.446666666666665,8.104999999999999,1.6583333333333332
pir_pressure,centralized,pir_pressure_3,1,5,0,True,0.2424368871270603,1.6166666666666667,0.6458333333333334,7.459999999999998,9.126666666666665,1.6666666666666667
pir_pressure,centralized,pir_pressure_4,1,5,30,True,0.34761045987376016,1.4666666666666666,0.6875,7.79,9.356666666666667,1.5666666666666667
pir_pressure,centralized,pir_pressure_5,1,5,30,True,0.19700680272108845,1.4,0.5833333333333334,4.449999999999998,6.058333333333332,1.6083333333333334
pir_pressure,centralized,pir_pressure_6,1,5,30,True,0.23475756120979357,1.3666666666666667,0.5208333333333334,8.839999999999998,10.489999999999998,1.65
pir_pressure,centralized,pir_pressure_7,1,5,30,True,0.20918212222560045,1.4416666666666667,0.5,4.503333333333332,63.14333333333333,58.64
pir_pressure,centralized,pir_pressure_8,1,5,60,True,0.2355792535142996,1.1166666666666667,0.6458333333333334,5.65,7.008333333333334,1.3583333333333334
pir_pressure,centralized,pir_pressure_9,1,5,60,False,0.05714285714285715,0.8916666666666667,0.8333333333333334,5.169999999999998,6.128333333333331,0.9583333333333333
pir_pressure,centralized,pir_pressure_10,1,5,60,True,0.21476510067114093,1.2166666666666666,0.7291666666666666,5.3133333333333335,6.63,1.3166666666666667
pir_pressure,centralized,pir_pressure_11,1,5,60,True,0.2821264127249895,1.05,0.7083333333333334,9.136666666666667,10.395,1.2583333333333333
pir_pressure,centralized,pir_pressure_12,1,30,30,False,0.10575539568345324,1.1833333333333333,0.8125,12.399999999999999,13.666666666666664,1.2666666666666666
pir_pressure,centralized,pir_pressure_13,1,30,30,True,0.17786451073320322,1.4,0.4791666666666667,7.293333333333333,120.0,112.70666666666666
pir_pressure,centralized,pir_pressure_14,1,30,30,False,0.12664683382915426,1.25,0.8125,12.989999999999995,14.389999999999995,1.4
pir_pressure,centralized,pir_pressure_15,1,30,30,False,0.12787461549729018,1.1333333333333333,0.7916666666666666,6.253333333333332,7.586666666666666,1.3333333333333335
pir_pressure,centralized,pir_pressure_16,2,5,0,True,0.19224441833137487,1.6333333333333333,0.5208333333333334,5.803333333333333,7.52,1.7166666666666666
pir_pressure,centralized,pir_pressure_17,2,5,0,True,0.19660319094184253,1.6,0.6041666666666666,6.119999999999999,7.786666666666666,1.6666666666666667
pir_pressure,centralized,pir_pressure_18,2,5,0,False,0.10795454545454546,1.2333333333333334,0.8958333333333334,8.256666666666664,9.54833333333333,1.2916666666666665
pir_pressure,centralized,pir_pressure_19,2,5,0,True,0.2963309184388876,1.6416666666666666,0.5833333333333334,6.966666666666662,8.674999999999995,1.7083333333333333
pir_pressure,centralized,pir_pressure_20,2,5,60,True,0.2576505429417572,1.2166666666666666,0.5833333333333334,7.046666666666665,8.571666666666665,1.525
pir_pressure,centralized,pir_pressure_21,2,5,60,False,0.06974177885676451,1.0666666666666667,0.875,7.593333333333333,8.751666666666665,1.1583333333333332
pir_pressure,centralized,pir_pressure_22,2,5,60,True,0.36923076923076925,1.15,0.75,11.416666666666666,12.633333333333333,1.2166666666666666
pir_pressure,centralized,pir_pressure_23,2,5,60,True,0.23314166231050706,1.0666666666666667,0.5625,6.683333333333333,8.174999999999999,1.4916666666666667
pir_pressure,fedavg,pir_pressure_0,1,5,0,True,0.3355738113019667,0.9833333333333333,0.8125,6.853333333333333,7.853333333333333,1.0
pir_pressure,fedavg,pir_pressure_1,1,5,0,True,0.19805028219599793,1.0166666666666666,0.6458333333333334,5.566666666666666,6.625,1.0583333333333333
pir_pressure,fedavg,pir_pressure_2,1,5,0,True,0.2613751263902932,0.975,0.75,6.446666666666665,7.471666666666666,1.025
pir_pressure,fedavg,pir_pressure_3,1,5,0,True,0.30086993422448544,0.9916666666666667,0.7916666666666666,7.459999999999998,8.476666666666665,1.0166666666666666
pir_pressure,fedavg,pir_pressure_4,1,5,30,True,0.41219290263876246,0.7916666666666666,0.7083333333333334,7.79,8.673333333333334,0.8833333333333333
pir_pressure,fedavg,pir_pressure_5,1,5,30,True,0.2645827518838962,0.7833333333333333,0.6458333333333334,4.449999999999998,5.324999999999998,0.875
pir_pressure,fedavg,pir_pressure_6,1,5,30,True,0.29500978473581213,0.7,0.6458333333333334,8.839999999999998,9.69833333333333,0.8583333333333334
pir_pressure,fedavg,pir_pressure_7,1,5,30,True,0.27601111454152516,0.8,0.6041666666666666,4.503333333333332,5.453333333333332,0.95
pir_pressure,fedavg,pir_pressure_8,1,5,60,True,0.2976424361493124,0.45,0.6458333333333334,5.65,6.383333333333334,0.7333333333333334
pir_pressure,fedavg,pir_pressure_9,1,5,60,False,0.059581414329854844,0.225,1.0,5.169999999999998,5.394999999999998,0.225
pir_pressure,fedavg,pir_pressure_10,1,5,60,True,0.2847046945986875,0.6,0.7083333333333334,5.3133333333333335,6.0216666666666665,0.7083333333333333
pir_pressure,fedavg,pir_pressure_11,1,5,60,True,0.3419886003799873,0.4,0.7083333333333334,9.136666666666667,9.753333333333334,0.6166666666666667
pir_pressure,fedavg,pir_pressure_12,1,30,30,False,0.09758814682782822,0.5416666666666666,1.0,12.399999999999999,12.941666666666665,0.5416666666666667
pir_pressure,fedavg,pir_pressure_13,1,30,30,True,0.23821765209940016,0.775,0.5833333333333334,7.293333333333333,8.226666666666667,0.9333333333333333
pir_pressure,fedavg,pir_pressure_14,1,30,30,False,0.1132408992984588,0.475,1.0,12.989999999999995,13.464999999999995,0.475
pir_pressure,fedavg,pir_pressure_15,1,30,30,False,0.11096106234526219,0.5583333333333333,1.0,6.253333333333332,6.811666666666666,0.5583333333333333
pir_pressure,fedavg,pir_pressure_16,2,5,0,True,0.25107810253953045,0.9666666666666667,0.6875,5.803333333333333,6.811666666666666,1.0083333333333333
pir_pressure,fedavg,pir_pressure_17,2,5,0,True,0.2636315510852303,1.0,0.7291666666666666,6.119999999999999,7.169999999999999,1.05
pir_pressure,fedavg,pir_pressure_18,2,5,0,False,0.09896772079305259,0.7916666666666666,1.0,8.256666666666664,9.04833333333333,0.7916666666666667
pir_pressure,fedavg,pir_pressure_19,2,5,0,True,0.35912129894937916,1.0,0.7708333333333334,6.966666666666662,7.999999999999996,1.0333333333333334
pir_pressure,fedavg,pir_pressure_20,2,5,60,True,0.31922979478084623,0.5666666666666667,0.5833333333333334,7.046666666666665,7.971666666666665,0.925
pir_pressure,fedavg,pir_pressure_21,2,5,60,False,0.06857011810572182,0.275,1.0,7.593333333333333,7.868333333333333,0.275
pir_pressure,fedavg,pir_pressure_22,2,5,60,True,0.4299835255354201,0.48333333333333334,0.75,11.416666666666666,11.966666666666667,0.55
pir_pressure,fedavg,pir_pressure_23,2,5,60,True,0.2911223673687017,0.48333333333333334,0.5625,6.683333333333333,7.616666666666666,0.9333333333333333
pir_pressure,modality_group,pir_pressure_0,1,5,0,True,0.4304214739816341,0.1,0.9375,6.853333333333333,6.953333333333332,0.1
pir_pressure,modality_group,pir_pressure_1,1,5,0,True,0.14085485926097535,0.08333333333333333,0.8125,5.566666666666666,5.683333333333333,0.11666666666666667
pir_pressure,modality_group,pir_pressure_2,1,5,0,True,0.1992491284526683,0.1,0.875,6.446666666666665,6.571666666666665,0.125
pir_pressure,modality_group,pir_pressure_3,1,5,0,True,0.4234449760765551,0.325,0.9166666666666666,7.459999999999998,7.793333333333331,0.3333333333333333
pir_pressure,modality_group,pir_pressure_4,1,5,30,True,0.481447963800905,,0.0,7.79,120.0,112.21
pir_pressure,modality_group,pir_pressure_5,1,5,30,True,0.2439609388384444,0.06666666666666667,0.9583333333333334,4.449999999999998,4.516666666666665,0.06666666666666667
pir_pressure,modality_group,pir_pressure_6,1,5,30,True,0.4169324441867208,0.2,0.7916666666666666,8.839999999999998,9.07333333333333,0.23333333333333334
pir_pressure,modality_group,pir_pressure_7,1,5,30,True,0.25076342733968027,0.08333333333333333,0.9375,4.503333333333332,4.586666666666665,0.08333333333333333
pir_pressure,modality_group,pir_pressure_8,1,5,60,True,0.346447209955841,0.08333333333333333,0.9791666666666666,5.65,5.733333333333333,0.08333333333333333
pir_pressure,modality_group,pir_pressure_9,1,5,60,False,0.06013137948458817,,0.0,5.169999999999998,120.0,114.83
pir_pressure,modality_group,pir_pressure_10,1,5,60,True,0.20610687022900762,0.08333333333333333,0.9791666666666666,5.3133333333333335,5.3966666666666665,0.08333333333333333
pir_pressure,modality_group,pir_pressure_11,1,5,60,True,0.45609569865105615,0.15,0.9375,9.136666666666667,9.286666666666667,0.15
pir_pressure,modality_group,pir_pressure_12,1,30,30,False,0.1928237129485179,1.325,0.041666666666666664,12.399999999999999,120.0,107.6
pir_pressure,modality_group,pir_pressure_13,1,30,30,True,0.23548740416210295,0.08333333333333333,1.0,7.293333333333333,7.376666666666666,0.08333333333333333
pir_pressure,modality_group,pir_pressure_14,1,30,30,False,0.2810368349249659,0.23333333333333334,0.020833333333333332,12.989999999999995,120.0,107.01
pir_pressure,modality_group,pir_pressure_15,1,30,30,False,0.397223705285638,1.4833333333333334,0.020833333333333332,6.253333333333332,120.0,113.74666666666667
pir_pressure,modality_group,pir_pressure_16,2,5,0,True,0.2646023926812104,0.08333333333333333,0.8541666666666666,5.803333333333333,5.919999999999999,0.11666666666666667
pir_pressure,modality_group,pir_pressure_17,2,5,0,True,0.18965071151358343,0.1,0.875,6.119999999999999,6.219999999999999,0.1
pir_pressure,modality_group,pir_pressure_18,2,5,0,False,0.18635926993275698,1.25,0.0625,8.256666666666664,120.0,111.74333333333334
pir_pressure,modality_group,pir_pressure_19,2,5,0,True,0.47784200385356457,1.7333333333333334,0.5208333333333334,6.966666666666662,8.791666666666663,1.825
pir_pressure,modality_group,pir_pressure_20,2,5,60,True,0.4672539256989659,0.6083333333333333,0.5833333333333334,7.046666666666665,8.071666666666665,1.025
pir_pressure,modality_group,pir_pressure_21,2,5,60,False,0.07076755579749591,1.3833333333333333,0.4375,7.593333333333333,120.0,112.40666666666667
pir_pressure,modality_group,pir_pressure_22,2,5,60,True,0.4881693648816936,,0.0,11.416666666666666,120.0,108.58333333333333
pir_pressure,modality_group,pir_pressure_23,2,5,60,True,0.3824251350024546,0.08333333333333333,1.0,6.683333333333333,6.766666666666666,0.08333333333333333
lidar_upper,local,lidar_upper_0,1,5,0,True,1.0,0.1,0.9791666666666666,6.853333333333333,6.953333333333332,0.1
lidar_upper,local,lidar_upper_1,1,5,0,True,1.0,0.06666666666666667,0.9791666666666666,5.566666666666666,5.633333333333333,0.06666666666666667
lidar_upper,local,lidar_upper_2,1,5,0,True,1.0,0.1,0.9791666666666666,6.446666666666665,6.546666666666665,0.1
lidar_upper,local,lidar_upper_3,1,5,0,True,1.0,0.08333333333333333,1.0,7.459999999999998,7.543333333333331,0.08333333333333333
lidar_upper,local,lidar_upper_4,1,5,30,True,1.0,0.08333333333333333,0.9375,7.79,7.873333333333333,0.08333333333333333
lidar_upper,local,lidar_upper_5,1,5,30,True,1.0,0.06666666666666667,0.9583333333333334,4.449999999999998,4.516666666666665,0.06666666666666667
lidar_upper,local,lidar_upper_6,1,5,30,True,1.0,0.05,0.9583333333333334,8.839999999999998,8.889999999999999,0.05
lidar_upper,local,lidar_upper_7,1,5,30,True,1.0,0.08333333333333333,0.9375,4.503333333333332,4.586666666666665,0.08333333333333333
lidar_upper,local,lidar_upper_8,1,5,60,True,1.0,0.08333333333333333,0.9791666666666666,5.65,5.733333333333333,0.08333333333333333
lidar_upper,local,lidar_upper_9,1,5,60,True,1.0,0.08333333333333333,0.9791666666666666,5.169999999999998,5.253333333333331,0.08333333333333333
lidar_upper,local,lidar_upper_10,1,5,60,True,1.0,0.08333333333333333,1.0,5.3133333333333335,5.3966666666666665,0.08333333333333333
lidar_upper,local,lidar_upper_11,1,5,60,True,1.0,0.08333333333333333,1.0,9.136666666666667,9.22,0.08333333333333333
lidar_upper,local,lidar_upper_12,1,30,30,True,1.0,0.08333333333333333,0.9791666666666666,12.399999999999999,12.483333333333333,0.08333333333333333
lidar_upper,local,lidar_upper_13,1,30,30,True,1.0,0.08333333333333333,1.0,7.293333333333333,7.376666666666666,0.08333333333333333
lidar_upper,local,lidar_upper_14,1,30,30,True,1.0,0.06666666666666667,0.9583333333333334,12.989999999999995,13.056666666666661,0.06666666666666667
lidar_upper,local,lidar_upper_15,1,30,30,True,1.0,0.08333333333333333,0.9583333333333334,6.253333333333332,6.336666666666665,0.08333333333333333
lidar_upper,local,lidar_upper_16,2,5,0,True,1.0,0.08333333333333333,0.8958333333333334,5.803333333333333,5.895,0.09166666666666667
lidar_upper,local,lidar_upper_17,2,5,0,True,1.0,0.08333333333333333,0.9791666666666666,6.119999999999999,6.203333333333332,0.08333333333333333
lidar_upper,local,lidar_upper_18,2,5,0,True,1.0,0.08333333333333333,0.9791666666666666,8.256666666666664,8.339999999999998,0.08333333333333333
lidar_upper,local,lidar_upper_19,2,5,0,True,1.0,0.08333333333333333,1.0,6.966666666666662,7.049999999999995,0.08333333333333333
lidar_upper,local,lidar_upper_20,2,5,60,True,1.0,0.08333333333333333,0.9791666666666666,7.046666666666665,7.129999999999998,0.08333333333333333
lidar_upper,local,lidar_upper_21,2,5,60,True,1.0,0.08333333333333333,0.9375,7.593333333333333,7.676666666666666,0.08333333333333333
lidar_upper,local,lidar_upper_22,2,5,60,True,1.0,0.05,0.9583333333333334,11.416666666666666,11.483333333333333,0.06666666666666667
lidar_upper,local,lidar_upper_23,2,5,60,True,1.0,0.08333333333333333,1.0,6.683333333333333,6.766666666666666,0.08333333333333333
